BRANCHES,ID,New_Char,STNAME,TOTAL,YEAR
4.0,CB_2018_60,,American Samoa,,2018
4.0,CB_2017_60,,American Samoa,,2017
4.0,CB_2016_60,,American Samoa,,2016
4.0,CB_2015_60,,American Samoa,,2015
4.0,CB_2014_60,,American Samoa,,2014
5.0,CB_2013_60,,American Samoa,,2013
5.0,CB_2012_60,,American Samoa,,2012
6.0,CB_2011_60,0.0,American Samoa,,2011
6.0,CB_2010_60,0.0,American Samoa,1.0,2010
6.0,CB_2009_60,0.0,American Samoa,1.0,2009
6.0,CB_2008_60,0.0,American Samoa,1.0,2008
6.0,CB_2007_60,0.0,American Samoa,1.0,2007
7.0,CB_2006_60,0.0,American Samoa,1.0,2006
5.0,CB_2005_60,0.0,American Samoa,1.0,2005
4.0,CB_2004_60,0.0,American Samoa,1.0,2004
4.0,CB_2003_60,0.0,American Samoa,1.0,2003
4.0,CB_2002_60,0.0,American Samoa,1.0,2002
4.0,CB_2001_60,0.0,American Samoa,1.0,2001
4.0,CB_2000_60,0.0,American Samoa,1.0,2000
4.0,CB_1999_60,0.0,American Samoa,1.0,1999
4.0,CB_1998_60,0.0,American Samoa,1.0,1998
4.0,CB_1997_60,0.0,American Samoa,1.0,1997
4.0,CB_1996_60,0.0,American Samoa,1.0,1996
4.0,CB_1995_60,0.0,American Samoa,1.0,1995
4.0,CB_1994_60,0.0,American Samoa,1.0,1994
4.0,CB_1993_60,0.0,American Samoa,1.0,1993
3.0,CB_1992_60,0.0,American Samoa,1.0,1992
2.0,CB_1991_60,0.0,American Samoa,1.0,1991
2.0,CB_1990_60,0.0,American Samoa,1.0,1990
2.0,CB_1989_60,0.0,American Samoa,1.0,1989
2.0,CB_1988_60,0.0,American Samoa,1.0,1988
2.0,CB_1987_60,0.0,American Samoa,1.0,1987
2.0,CB_1986_60,0.0,American Samoa,1.0,1986
2.0,CB_1985_60,0.0,American Samoa,1.0,1985
2.0,CB_1984_60,0.0,American Samoa,1.0,1984
2.0,CB_1983_60,0.0,American Samoa,1.0,1983
2.0,CB_1982_60,0.0,American Samoa,1.0,1982
2.0,CB_1981_60,0.0,American Samoa,0.0,1981
2.0,CB_1980_60,0.0,American Samoa,0.0,1980
2.0,CB_1979_60,0.0,American Samoa,0.0,1979
3.0,CB_1978_60,0.0,American Samoa,0.0,1978
3.0,CB_1977_60,0.0,American Samoa,0.0,1977
5.0,CB_1976_60,0.0,American Samoa,0.0,1976
5.0,CB_1975_60,0.0,American Samoa,0.0,1975
5.0,CB_1974_60,0.0,American Samoa,0.0,1974
3.0,CB_1973_60,0.0,American Samoa,0.0,1973
3.0,CB_1972_60,0.0,American Samoa,0.0,1972
3.0,CB_1971_60,0.0,American Samoa,0.0,1971
3.0,CB_1970_60,0.0,American Samoa,0.0,1970
3.0,CB_1969_60,0.0,American Samoa,0.0,1969
2.0,CB_1968_60,0.0,American Samoa,0.0,1968
2.0,CB_1967_60,0.0,American Samoa,0.0,1967
2.0,CB_1966_60,0.0,American Samoa,0.0,1966
2.0,CB_1965_60,,American Samoa,0.0,1965
0.0,CB_1964_60,,American Samoa,0.0,1964
0.0,CB_1963_60,,American Samoa,0.0,1963
0.0,CB_1962_60,,American Samoa,0.0,1962
0.0,CB_1961_60,,American Samoa,0.0,1961
0.0,CB_1960_60,,American Samoa,0.0,1960
0.0,CB_1959_60,,American Samoa,0.0,1959
0.0,CB_1958_60,,American Samoa,0.0,1958
0.0,CB_1957_60,,American Samoa,0.0,1957
0.0,CB_1956_60,,American Samoa,0.0,1956
0.0,CB_1955_60,,American Samoa,0.0,1955
0.0,CB_1954_60,,American Samoa,0.0,1954
0.0,CB_1953_60,,American Samoa,0.0,1953
0.0,CB_1952_60,,American Samoa,0.0,1952
0.0,CB_1951_60,,American Samoa,0.0,1951
0.0,CB_1950_60,,American Samoa,0.0,1950
0.0,CB_1949_60,,American Samoa,0.0,1949
0.0,CB_1948_60,,American Samoa,0.0,1948
0.0,CB_1947_60,,American Samoa,0.0,1947
0.0,CB_1946_60,,American Samoa,0.0,1946
0.0,CB_1945_60,,American Samoa,0.0,1945
0.0,CB_1944_60,,American Samoa,0.0,1944
0.0,CB_1943_60,,American Samoa,0.0,1943
0.0,CB_1942_60,,American Samoa,0.0,1942
0.0,CB_1941_60,,American Samoa,0.0,1941
0.0,CB_1940_60,,American Samoa,0.0,1940
0.0,CB_1939_60,,American Samoa,0.0,1939
0.0,CB_1938_60,,American Samoa,0.0,1938
0.0,CB_1937_60,,American Samoa,0.0,1937
0.0,CB_1936_60,,American Samoa,0.0,1936
0.0,CB_1935_60,,American Samoa,0.0,1935
0.0,CB_1934_60,,American Samoa,0.0,1934
