BRANCHES,ID,New_Char,STNAME,TOTAL,YEAR
801.0,CB_2018_9,0.0,Connecticut,12.0,2018
807.0,CB_2017_9,0.0,Connecticut,15.0,2017
828.0,CB_2016_9,0.0,Connecticut,14.0,2016
852.0,CB_2015_9,0.0,Connecticut,14.0,2015
714.0,CB_2014_9,0.0,Connecticut,14.0,2014
723.0,CB_2013_9,0.0,Connecticut,15.0,2013
738.0,CB_2012_9,0.0,Connecticut,20.0,2012
737.0,CB_2011_9,0.0,Connecticut,22.0,2011
671.0,CB_2010_9,1.0,Connecticut,22.0,2010
686.0,CB_2009_9,0.0,Connecticut,23.0,2009
689.0,CB_2008_9,2.0,Connecticut,25.0,2008
693.0,CB_2007_9,0.0,Connecticut,24.0,2007
631.0,CB_2006_9,2.0,Connecticut,24.0,2006
583.0,CB_2005_9,1.0,Connecticut,24.0,2005
571.0,CB_2004_9,1.0,Connecticut,23.0,2004
459.0,CB_2003_9,0.0,Connecticut,24.0,2003
434.0,CB_2002_9,2.0,Connecticut,26.0,2002
430.0,CB_2001_9,3.0,Connecticut,25.0,2001
414.0,CB_2000_9,0.0,Connecticut,23.0,2000
495.0,CB_1999_9,2.0,Connecticut,24.0,1999
519.0,CB_1998_9,4.0,Connecticut,28.0,1998
528.0,CB_1997_9,0.0,Connecticut,26.0,1997
468.0,CB_1996_9,0.0,Connecticut,28.0,1996
503.0,CB_1995_9,1.0,Connecticut,39.0,1995
498.0,CB_1994_9,1.0,Connecticut,43.0,1994
496.0,CB_1993_9,0.0,Connecticut,46.0,1993
567.0,CB_1992_9,0.0,Connecticut,48.0,1992
618.0,CB_1991_9,1.0,Connecticut,56.0,1991
665.0,CB_1990_9,1.0,Connecticut,68.0,1990
678.0,CB_1989_9,7.0,Connecticut,69.0,1989
676.0,CB_1988_9,6.0,Connecticut,65.0,1988
667.0,CB_1987_9,9.0,Connecticut,64.0,1987
646.0,CB_1986_9,4.0,Connecticut,59.0,1986
628.0,CB_1985_9,9.0,Connecticut,57.0,1985
633.0,CB_1984_9,2.0,Connecticut,50.0,1984
616.0,CB_1983_9,0.0,Connecticut,51.0,1983
618.0,CB_1982_9,1.0,Connecticut,54.0,1982
613.0,CB_1981_9,0.0,Connecticut,57.0,1981
603.0,CB_1980_9,0.0,Connecticut,64.0,1980
593.0,CB_1979_9,1.0,Connecticut,65.0,1979
587.0,CB_1978_9,1.0,Connecticut,65.0,1978
577.0,CB_1977_9,1.0,Connecticut,71.0,1977
572.0,CB_1976_9,2.0,Connecticut,71.0,1976
564.0,CB_1975_9,1.0,Connecticut,71.0,1975
547.0,CB_1974_9,5.0,Connecticut,70.0,1974
518.0,CB_1973_9,4.0,Connecticut,67.0,1973
498.0,CB_1972_9,2.0,Connecticut,63.0,1972
469.0,CB_1971_9,5.0,Connecticut,62.0,1971
436.0,CB_1970_9,1.0,Connecticut,58.0,1970
405.0,CB_1969_9,0.0,Connecticut,59.0,1969
375.0,CB_1968_9,1.0,Connecticut,63.0,1968
357.0,CB_1967_9,1.0,Connecticut,64.0,1967
336.0,CB_1966_9,0.0,Connecticut,63.0,1966
313.0,CB_1965_9,,Connecticut,64.0,1965
286.0,CB_1964_9,,Connecticut,61.0,1964
258.0,CB_1963_9,,Connecticut,58.0,1963
231.0,CB_1962_9,,Connecticut,58.0,1962
219.0,CB_1961_9,,Connecticut,58.0,1961
198.0,CB_1960_9,,Connecticut,61.0,1960
185.0,CB_1959_9,,Connecticut,63.0,1959
160.0,CB_1958_9,,Connecticut,70.0,1958
140.0,CB_1957_9,,Connecticut,77.0,1957
119.0,CB_1956_9,,Connecticut,85.0,1956
103.0,CB_1955_9,,Connecticut,87.0,1955
88.0,CB_1954_9,,Connecticut,92.0,1954
76.0,CB_1953_9,,Connecticut,94.0,1953
68.0,CB_1952_9,,Connecticut,95.0,1952
60.0,CB_1951_9,,Connecticut,94.0,1951
50.0,CB_1950_9,,Connecticut,92.0,1950
36.0,CB_1949_9,,Connecticut,95.0,1949
16.0,CB_1948_9,,Connecticut,98.0,1948
12.0,CB_1947_9,,Connecticut,98.0,1947
10.0,CB_1946_9,,Connecticut,97.0,1946
8.0,CB_1945_9,,Connecticut,99.0,1945
11.0,CB_1944_9,,Connecticut,99.0,1944
9.0,CB_1943_9,,Connecticut,99.0,1943
8.0,CB_1942_9,,Connecticut,100.0,1942
8.0,CB_1941_9,,Connecticut,100.0,1941
8.0,CB_1940_9,,Connecticut,100.0,1940
7.0,CB_1939_9,,Connecticut,102.0,1939
7.0,CB_1938_9,,Connecticut,103.0,1938
7.0,CB_1937_9,,Connecticut,103.0,1937
5.0,CB_1936_9,,Connecticut,104.0,1936
4.0,CB_1935_9,,Connecticut,105.0,1935
0.0,CB_1934_9,,Connecticut,109.0,1934
