BRANCHES,ID,New_Char,STNAME,TOTAL,YEAR
208.0,CB_2018_11,0.0,District of Columbia,3.0,2018
212.0,CB_2017_11,0.0,District of Columbia,3.0,2017
220.0,CB_2016_11,0.0,District of Columbia,3.0,2016
224.0,CB_2015_11,0.0,District of Columbia,4.0,2015
226.0,CB_2014_11,0.0,District of Columbia,4.0,2014
231.0,CB_2013_11,0.0,District of Columbia,4.0,2013
232.0,CB_2012_11,0.0,District of Columbia,4.0,2012
236.0,CB_2011_11,0.0,District of Columbia,4.0,2011
232.0,CB_2010_11,0.0,District of Columbia,5.0,2010
231.0,CB_2009_11,0.0,District of Columbia,5.0,2009
195.0,CB_2008_11,0.0,District of Columbia,5.0,2008
190.0,CB_2007_11,0.0,District of Columbia,6.0,2007
189.0,CB_2006_11,0.0,District of Columbia,5.0,2006
165.0,CB_2005_11,1.0,District of Columbia,6.0,2005
159.0,CB_2004_11,1.0,District of Columbia,5.0,2004
154.0,CB_2003_11,0.0,District of Columbia,4.0,2003
153.0,CB_2002_11,0.0,District of Columbia,4.0,2002
155.0,CB_2001_11,0.0,District of Columbia,4.0,2001
158.0,CB_2000_11,0.0,District of Columbia,6.0,2000
166.0,CB_1999_11,0.0,District of Columbia,6.0,1999
166.0,CB_1998_11,1.0,District of Columbia,7.0,1998
174.0,CB_1997_11,0.0,District of Columbia,6.0,1997
175.0,CB_1996_11,0.0,District of Columbia,8.0,1996
164.0,CB_1995_11,0.0,District of Columbia,13.0,1995
177.0,CB_1994_11,0.0,District of Columbia,16.0,1994
173.0,CB_1993_11,0.0,District of Columbia,18.0,1993
170.0,CB_1992_11,0.0,District of Columbia,20.0,1992
162.0,CB_1991_11,0.0,District of Columbia,24.0,1991
169.0,CB_1990_11,2.0,District of Columbia,26.0,1990
175.0,CB_1989_11,1.0,District of Columbia,25.0,1989
170.0,CB_1988_11,3.0,District of Columbia,24.0,1988
165.0,CB_1987_11,1.0,District of Columbia,21.0,1987
164.0,CB_1986_11,1.0,District of Columbia,20.0,1986
160.0,CB_1985_11,0.0,District of Columbia,19.0,1985
160.0,CB_1984_11,0.0,District of Columbia,19.0,1984
160.0,CB_1983_11,2.0,District of Columbia,19.0,1983
162.0,CB_1982_11,1.0,District of Columbia,17.0,1982
159.0,CB_1981_11,0.0,District of Columbia,17.0,1981
151.0,CB_1980_11,0.0,District of Columbia,17.0,1980
140.0,CB_1979_11,0.0,District of Columbia,17.0,1979
138.0,CB_1978_11,1.0,District of Columbia,17.0,1978
133.0,CB_1977_11,0.0,District of Columbia,16.0,1977
131.0,CB_1976_11,0.0,District of Columbia,16.0,1976
130.0,CB_1975_11,1.0,District of Columbia,16.0,1975
126.0,CB_1974_11,1.0,District of Columbia,16.0,1974
117.0,CB_1973_11,1.0,District of Columbia,15.0,1973
112.0,CB_1972_11,0.0,District of Columbia,14.0,1972
108.0,CB_1971_11,0.0,District of Columbia,14.0,1971
103.0,CB_1970_11,0.0,District of Columbia,14.0,1970
100.0,CB_1969_11,0.0,District of Columbia,14.0,1969
100.0,CB_1968_11,0.0,District of Columbia,14.0,1968
96.0,CB_1967_11,0.0,District of Columbia,14.0,1967
94.0,CB_1966_11,0.0,District of Columbia,14.0,1966
88.0,CB_1965_11,,District of Columbia,15.0,1965
84.0,CB_1964_11,,District of Columbia,15.0,1964
76.0,CB_1963_11,,District of Columbia,14.0,1963
72.0,CB_1962_11,,District of Columbia,12.0,1962
69.0,CB_1961_11,,District of Columbia,11.0,1961
65.0,CB_1960_11,,District of Columbia,12.0,1960
64.0,CB_1959_11,,District of Columbia,12.0,1959
60.0,CB_1958_11,,District of Columbia,13.0,1958
57.0,CB_1957_11,,District of Columbia,16.0,1957
54.0,CB_1956_11,,District of Columbia,17.0,1956
54.0,CB_1955_11,,District of Columbia,17.0,1955
54.0,CB_1954_11,,District of Columbia,17.0,1954
51.0,CB_1953_11,,District of Columbia,19.0,1953
48.0,CB_1952_11,,District of Columbia,19.0,1952
47.0,CB_1951_11,,District of Columbia,19.0,1951
45.0,CB_1950_11,,District of Columbia,19.0,1950
41.0,CB_1949_11,,District of Columbia,19.0,1949
39.0,CB_1948_11,,District of Columbia,19.0,1948
38.0,CB_1947_11,,District of Columbia,19.0,1947
35.0,CB_1946_11,,District of Columbia,20.0,1946
34.0,CB_1945_11,,District of Columbia,21.0,1945
34.0,CB_1944_11,,District of Columbia,21.0,1944
33.0,CB_1943_11,,District of Columbia,22.0,1943
30.0,CB_1942_11,,District of Columbia,22.0,1942
30.0,CB_1941_11,,District of Columbia,22.0,1941
30.0,CB_1940_11,,District of Columbia,22.0,1940
30.0,CB_1939_11,,District of Columbia,22.0,1939
30.0,CB_1938_11,,District of Columbia,22.0,1938
30.0,CB_1937_11,,District of Columbia,22.0,1937
30.0,CB_1936_11,,District of Columbia,22.0,1936
30.0,CB_1935_11,,District of Columbia,22.0,1935
0.0,CB_1934_11,,District of Columbia,22.0,1934
