BRANCHES,ID,New_Char,STNAME,TOTAL,YEAR
13.0,CB_1983_64,0.0,Federated States of Micronesia,0.0,1983
12.0,CB_1982_64,0.0,Federated States of Micronesia,0.0,1982
11.0,CB_1981_64,0.0,Federated States of Micronesia,0.0,1981
11.0,CB_1980_64,0.0,Federated States of Micronesia,0.0,1980
11.0,CB_1979_64,0.0,Federated States of Micronesia,0.0,1979
11.0,CB_1978_64,0.0,Federated States of Micronesia,0.0,1978
19.0,CB_1977_64,0.0,Federated States of Micronesia,0.0,1977
20.0,CB_1976_64,0.0,Federated States of Micronesia,0.0,1976
20.0,CB_1975_64,0.0,Federated States of Micronesia,0.0,1975
19.0,CB_1974_64,0.0,Federated States of Micronesia,0.0,1974
28.0,CB_1973_64,0.0,Federated States of Micronesia,0.0,1973
29.0,CB_1972_64,0.0,Federated States of Micronesia,0.0,1972
28.0,CB_1971_64,0.0,Federated States of Micronesia,0.0,1971
27.0,CB_1970_64,0.0,Federated States of Micronesia,0.0,1970
28.0,CB_1969_64,0.0,Federated States of Micronesia,0.0,1969
26.0,CB_1968_64,0.0,Federated States of Micronesia,0.0,1968
24.0,CB_1967_64,0.0,Federated States of Micronesia,0.0,1967
24.0,CB_1966_64,0.0,Federated States of Micronesia,0.0,1966
24.0,CB_1965_64,,Federated States of Micronesia,0.0,1965
0.0,CB_1964_64,,Federated States of Micronesia,0.0,1964
0.0,CB_1963_64,,Federated States of Micronesia,0.0,1963
0.0,CB_1962_64,,Federated States of Micronesia,0.0,1962
0.0,CB_1961_64,,Federated States of Micronesia,0.0,1961
0.0,CB_1960_64,,Federated States of Micronesia,0.0,1960
0.0,CB_1959_64,,Federated States of Micronesia,0.0,1959
0.0,CB_1958_64,,Federated States of Micronesia,0.0,1958
0.0,CB_1957_64,,Federated States of Micronesia,0.0,1957
0.0,CB_1956_64,,Federated States of Micronesia,0.0,1956
0.0,CB_1955_64,,Federated States of Micronesia,0.0,1955
0.0,CB_1954_64,,Federated States of Micronesia,0.0,1954
0.0,CB_1953_64,,Federated States of Micronesia,0.0,1953
0.0,CB_1952_64,,Federated States of Micronesia,0.0,1952
0.0,CB_1951_64,,Federated States of Micronesia,0.0,1951
0.0,CB_1950_64,,Federated States of Micronesia,0.0,1950
0.0,CB_1949_64,,Federated States of Micronesia,0.0,1949
0.0,CB_1948_64,,Federated States of Micronesia,0.0,1948
0.0,CB_1947_64,,Federated States of Micronesia,0.0,1947
0.0,CB_1946_64,,Federated States of Micronesia,0.0,1946
0.0,CB_1945_64,,Federated States of Micronesia,0.0,1945
0.0,CB_1944_64,,Federated States of Micronesia,0.0,1944
0.0,CB_1943_64,,Federated States of Micronesia,0.0,1943
0.0,CB_1942_64,,Federated States of Micronesia,0.0,1942
0.0,CB_1941_64,,Federated States of Micronesia,0.0,1941
0.0,CB_1940_64,,Federated States of Micronesia,0.0,1940
0.0,CB_1939_64,,Federated States of Micronesia,0.0,1939
0.0,CB_1938_64,,Federated States of Micronesia,0.0,1938
0.0,CB_1937_64,,Federated States of Micronesia,0.0,1937
0.0,CB_1936_64,,Federated States of Micronesia,0.0,1936
0.0,CB_1935_64,,Federated States of Micronesia,0.0,1935
0.0,CB_1934_64,,Federated States of Micronesia,0.0,1934
