BRANCHES,ID,New_Char,STNAME,TOTAL,YEAR
1.0,CB_2018_68,,Marshall Islands,,2018
1.0,CB_2017_68,,Marshall Islands,,2017
1.0,CB_2016_68,,Marshall Islands,,2016
1.0,CB_2015_68,,Marshall Islands,,2015
1.0,CB_2014_68,,Marshall Islands,,2014
1.0,CB_2013_68,,Marshall Islands,,2013
1.0,CB_2012_68,,Marshall Islands,,2012
1.0,CB_2011_68,,Marshall Islands,,2011
1.0,CB_2010_68,,Marshall Islands,,2010
1.0,CB_2009_68,,Marshall Islands,,2009
1.0,CB_2008_68,,Marshall Islands,,2008
1.0,CB_2007_68,,Marshall Islands,,2007
1.0,CB_2006_68,,Marshall Islands,,2006
1.0,CB_2005_68,,Marshall Islands,,2005
1.0,CB_2004_68,,Marshall Islands,,2004
2.0,CB_2003_68,,Marshall Islands,,2003
3.0,CB_2002_68,,Marshall Islands,,2002
5.0,CB_2001_68,,Marshall Islands,,2001
5.0,CB_2000_68,,Marshall Islands,,2000
5.0,CB_1999_68,,Marshall Islands,,1999
5.0,CB_1998_68,,Marshall Islands,,1998
5.0,CB_1997_68,,Marshall Islands,,1997
5.0,CB_1996_68,,Marshall Islands,,1996
5.0,CB_1995_68,,Marshall Islands,,1995
5.0,CB_1994_68,,Marshall Islands,,1994
5.0,CB_1993_68,,Marshall Islands,,1993
5.0,CB_1992_68,,Marshall Islands,,1992
5.0,CB_1991_68,,Marshall Islands,,1991
5.0,CB_1990_68,,Marshall Islands,,1990
5.0,CB_1989_68,,Marshall Islands,,1989
5.0,CB_1988_68,,Marshall Islands,,1988
4.0,CB_1987_68,,Marshall Islands,,1987
4.0,CB_1986_68,,Marshall Islands,,1986
4.0,CB_1985_68,,Marshall Islands,,1985
4.0,CB_1984_68,,Marshall Islands,,1984
