BRANCHES,ID,New_Char,STNAME,TOTAL,YEAR
1249.0,CB_2018_25,0.0,Massachusetts,16.0,2018
1276.0,CB_2017_25,0.0,Massachusetts,18.0,2017
1289.0,CB_2016_25,0.0,Massachusetts,20.0,2016
1311.0,CB_2015_25,0.0,Massachusetts,21.0,2015
1266.0,CB_2014_25,0.0,Massachusetts,23.0,2014
1265.0,CB_2013_25,0.0,Massachusetts,24.0,2013
1294.0,CB_2012_25,0.0,Massachusetts,24.0,2012
1053.0,CB_2011_25,0.0,Massachusetts,25.0,2011
1044.0,CB_2010_25,0.0,Massachusetts,26.0,2010
1073.0,CB_2009_25,1.0,Massachusetts,28.0,2009
1089.0,CB_2008_25,1.0,Massachusetts,28.0,2008
1087.0,CB_2007_25,0.0,Massachusetts,31.0,2007
1072.0,CB_2006_25,1.0,Massachusetts,36.0,2006
1073.0,CB_2005_25,0.0,Massachusetts,35.0,2005
1036.0,CB_2004_25,0.0,Massachusetts,36.0,2004
964.0,CB_2003_25,0.0,Massachusetts,37.0,2003
937.0,CB_2002_25,1.0,Massachusetts,39.0,2002
844.0,CB_2001_25,1.0,Massachusetts,43.0,2001
818.0,CB_2000_25,0.0,Massachusetts,43.0,2000
997.0,CB_1999_25,0.0,Massachusetts,45.0,1999
883.0,CB_1998_25,1.0,Massachusetts,44.0,1998
888.0,CB_1997_25,1.0,Massachusetts,46.0,1997
709.0,CB_1996_25,1.0,Massachusetts,50.0,1996
789.0,CB_1995_25,0.0,Massachusetts,51.0,1995
714.0,CB_1994_25,0.0,Massachusetts,53.0,1994
697.0,CB_1993_25,1.0,Massachusetts,61.0,1993
737.0,CB_1992_25,0.0,Massachusetts,61.0,1992
862.0,CB_1991_25,0.0,Massachusetts,73.0,1991
987.0,CB_1990_25,0.0,Massachusetts,85.0,1990
1006.0,CB_1989_25,1.0,Massachusetts,99.0,1989
1018.0,CB_1988_25,2.0,Massachusetts,103.0,1988
1037.0,CB_1987_25,10.0,Massachusetts,108.0,1987
1027.0,CB_1986_25,2.0,Massachusetts,108.0,1986
988.0,CB_1985_25,3.0,Massachusetts,116.0,1985
959.0,CB_1984_25,1.0,Massachusetts,125.0,1984
1003.0,CB_1983_25,1.0,Massachusetts,127.0,1983
993.0,CB_1982_25,3.0,Massachusetts,136.0,1982
981.0,CB_1981_25,2.0,Massachusetts,138.0,1981
952.0,CB_1980_25,0.0,Massachusetts,138.0,1980
935.0,CB_1979_25,0.0,Massachusetts,143.0,1979
923.0,CB_1978_25,1.0,Massachusetts,146.0,1978
926.0,CB_1977_25,0.0,Massachusetts,145.0,1977
925.0,CB_1976_25,0.0,Massachusetts,143.0,1976
902.0,CB_1975_25,0.0,Massachusetts,145.0,1975
882.0,CB_1974_25,2.0,Massachusetts,147.0,1974
849.0,CB_1973_25,0.0,Massachusetts,148.0,1973
810.0,CB_1972_25,1.0,Massachusetts,151.0,1972
779.0,CB_1971_25,1.0,Massachusetts,154.0,1971
742.0,CB_1970_25,2.0,Massachusetts,158.0,1970
710.0,CB_1969_25,4.0,Massachusetts,156.0,1969
680.0,CB_1968_25,5.0,Massachusetts,153.0,1968
644.0,CB_1967_25,0.0,Massachusetts,154.0,1967
611.0,CB_1966_25,4.0,Massachusetts,157.0,1966
565.0,CB_1965_25,,Massachusetts,156.0,1965
524.0,CB_1964_25,,Massachusetts,154.0,1964
476.0,CB_1963_25,,Massachusetts,157.0,1963
443.0,CB_1962_25,,Massachusetts,158.0,1962
409.0,CB_1961_25,,Massachusetts,163.0,1961
373.0,CB_1960_25,,Massachusetts,166.0,1960
353.0,CB_1959_25,,Massachusetts,163.0,1959
322.0,CB_1958_25,,Massachusetts,165.0,1958
295.0,CB_1957_25,,Massachusetts,166.0,1957
277.0,CB_1956_25,,Massachusetts,167.0,1956
260.0,CB_1955_25,,Massachusetts,170.0,1955
231.0,CB_1954_25,,Massachusetts,171.0,1954
212.0,CB_1953_25,,Massachusetts,173.0,1953
199.0,CB_1952_25,,Massachusetts,173.0,1952
188.0,CB_1951_25,,Massachusetts,173.0,1951
175.0,CB_1950_25,,Massachusetts,174.0,1950
168.0,CB_1949_25,,Massachusetts,175.0,1949
161.0,CB_1948_25,,Massachusetts,180.0,1948
151.0,CB_1947_25,,Massachusetts,179.0,1947
143.0,CB_1946_25,,Massachusetts,183.0,1946
137.0,CB_1945_25,,Massachusetts,183.0,1945
124.0,CB_1944_25,,Massachusetts,188.0,1944
123.0,CB_1943_25,,Massachusetts,189.0,1943
121.0,CB_1942_25,,Massachusetts,190.0,1942
118.0,CB_1941_25,,Massachusetts,190.0,1941
115.0,CB_1940_25,,Massachusetts,192.0,1940
116.0,CB_1939_25,,Massachusetts,192.0,1939
113.0,CB_1938_25,,Massachusetts,193.0,1938
114.0,CB_1937_25,,Massachusetts,194.0,1937
112.0,CB_1936_25,,Massachusetts,197.0,1936
110.0,CB_1935_25,,Massachusetts,200.0,1935
0.0,CB_1934_25,,Massachusetts,206.0,1934
