BRANCHES,ID,New_Char,STNAME,TOTAL,YEAR
1103.0,CB_2018_28,0.0,Mississippi,69.0,2018
1093.0,CB_2017_28,0.0,Mississippi,73.0,2017
1098.0,CB_2016_28,0.0,Mississippi,75.0,2016
1107.0,CB_2015_28,0.0,Mississippi,76.0,2015
1103.0,CB_2014_28,0.0,Mississippi,79.0,2014
1113.0,CB_2013_28,0.0,Mississippi,81.0,2013
1122.0,CB_2012_28,0.0,Mississippi,83.0,2012
1129.0,CB_2011_28,0.0,Mississippi,84.0,2011
1116.0,CB_2010_28,0.0,Mississippi,87.0,2010
1108.0,CB_2009_28,0.0,Mississippi,89.0,2009
1109.0,CB_2008_28,1.0,Mississippi,90.0,2008
1092.0,CB_2007_28,0.0,Mississippi,91.0,2007
1095.0,CB_2006_28,1.0,Mississippi,92.0,2006
1054.0,CB_2005_28,0.0,Mississippi,93.0,2005
1038.0,CB_2004_28,0.0,Mississippi,94.0,2004
1011.0,CB_2003_28,0.0,Mississippi,95.0,2003
1002.0,CB_2002_28,1.0,Mississippi,97.0,2002
1006.0,CB_2001_28,0.0,Mississippi,99.0,2001
1004.0,CB_2000_28,5.0,Mississippi,101.0,2000
1010.0,CB_1999_28,5.0,Mississippi,99.0,1999
986.0,CB_1998_28,3.0,Mississippi,96.0,1998
984.0,CB_1997_28,0.0,Mississippi,107.0,1997
911.0,CB_1996_28,2.0,Mississippi,111.0,1996
886.0,CB_1995_28,2.0,Mississippi,110.0,1995
885.0,CB_1994_28,0.0,Mississippi,111.0,1994
866.0,CB_1993_28,0.0,Mississippi,118.0,1993
822.0,CB_1992_28,0.0,Mississippi,121.0,1992
819.0,CB_1991_28,0.0,Mississippi,123.0,1991
825.0,CB_1990_28,0.0,Mississippi,123.0,1990
822.0,CB_1989_28,0.0,Mississippi,123.0,1989
807.0,CB_1988_28,0.0,Mississippi,125.0,1988
782.0,CB_1987_28,0.0,Mississippi,128.0,1987
757.0,CB_1986_28,0.0,Mississippi,141.0,1986
765.0,CB_1985_28,1.0,Mississippi,146.0,1985
753.0,CB_1984_28,0.0,Mississippi,153.0,1984
737.0,CB_1983_28,0.0,Mississippi,161.0,1983
731.0,CB_1982_28,1.0,Mississippi,167.0,1982
718.0,CB_1981_28,0.0,Mississippi,170.0,1981
697.0,CB_1980_28,0.0,Mississippi,177.0,1980
666.0,CB_1979_28,1.0,Mississippi,182.0,1979
635.0,CB_1978_28,1.0,Mississippi,184.0,1978
604.0,CB_1977_28,4.0,Mississippi,184.0,1977
577.0,CB_1976_28,1.0,Mississippi,183.0,1976
546.0,CB_1975_28,7.0,Mississippi,185.0,1975
503.0,CB_1974_28,8.0,Mississippi,181.0,1974
449.0,CB_1973_28,6.0,Mississippi,181.0,1973
406.0,CB_1972_28,3.0,Mississippi,181.0,1972
369.0,CB_1971_28,2.0,Mississippi,183.0,1971
348.0,CB_1970_28,1.0,Mississippi,182.0,1970
321.0,CB_1969_28,0.0,Mississippi,181.0,1969
296.0,CB_1968_28,1.0,Mississippi,185.0,1968
281.0,CB_1967_28,0.0,Mississippi,188.0,1967
259.0,CB_1966_28,2.0,Mississippi,190.0,1966
221.0,CB_1965_28,,Mississippi,196.0,1965
191.0,CB_1964_28,,Mississippi,194.0,1964
177.0,CB_1963_28,,Mississippi,192.0,1963
162.0,CB_1962_28,,Mississippi,190.0,1962
149.0,CB_1961_28,,Mississippi,191.0,1961
136.0,CB_1960_28,,Mississippi,191.0,1960
132.0,CB_1959_28,,Mississippi,191.0,1959
124.0,CB_1958_28,,Mississippi,191.0,1958
116.0,CB_1957_28,,Mississippi,192.0,1957
103.0,CB_1956_28,,Mississippi,193.0,1956
98.0,CB_1955_28,,Mississippi,194.0,1955
86.0,CB_1954_28,,Mississippi,194.0,1954
78.0,CB_1953_28,,Mississippi,197.0,1953
73.0,CB_1952_28,,Mississippi,199.0,1952
71.0,CB_1951_28,,Mississippi,198.0,1951
68.0,CB_1950_28,,Mississippi,197.0,1950
64.0,CB_1949_28,,Mississippi,198.0,1949
58.0,CB_1948_28,,Mississippi,201.0,1948
55.0,CB_1947_28,,Mississippi,202.0,1947
52.0,CB_1946_28,,Mississippi,198.0,1946
51.0,CB_1945_28,,Mississippi,197.0,1945
55.0,CB_1944_28,,Mississippi,197.0,1944
50.0,CB_1943_28,,Mississippi,196.0,1943
47.0,CB_1942_28,,Mississippi,197.0,1942
44.0,CB_1941_28,,Mississippi,201.0,1941
43.0,CB_1940_28,,Mississippi,196.0,1940
42.0,CB_1939_28,,Mississippi,194.0,1939
43.0,CB_1938_28,,Mississippi,194.0,1938
44.0,CB_1937_28,,Mississippi,196.0,1937
42.0,CB_1936_28,,Mississippi,197.0,1936
40.0,CB_1935_28,,Mississippi,199.0,1935
0.0,CB_1934_28,,Mississippi,203.0,1934
