BRANCHES,ID,New_Char,STNAME,TOTAL,YEAR
271.0,CB_2018_33,0.0,New Hampshire,4.0,2018
286.0,CB_2017_33,0.0,New Hampshire,5.0,2017
275.0,CB_2016_33,0.0,New Hampshire,5.0,2016
279.0,CB_2015_33,1.0,New Hampshire,5.0,2015
255.0,CB_2014_33,0.0,New Hampshire,4.0,2014
266.0,CB_2013_33,0.0,New Hampshire,5.0,2013
271.0,CB_2012_33,0.0,New Hampshire,5.0,2012
256.0,CB_2011_33,0.0,New Hampshire,7.0,2011
256.0,CB_2010_33,0.0,New Hampshire,8.0,2010
253.0,CB_2009_33,0.0,New Hampshire,8.0,2009
252.0,CB_2008_33,2.0,New Hampshire,8.0,2008
293.0,CB_2007_33,1.0,New Hampshire,8.0,2007
211.0,CB_2006_33,1.0,New Hampshire,9.0,2006
209.0,CB_2005_33,0.0,New Hampshire,9.0,2005
213.0,CB_2004_33,0.0,New Hampshire,12.0,2004
219.0,CB_2003_33,0.0,New Hampshire,13.0,2003
216.0,CB_2002_33,0.0,New Hampshire,14.0,2002
213.0,CB_2001_33,0.0,New Hampshire,15.0,2001
218.0,CB_2000_33,0.0,New Hampshire,16.0,2000
226.0,CB_1999_33,1.0,New Hampshire,19.0,1999
229.0,CB_1998_33,0.0,New Hampshire,19.0,1998
195.0,CB_1997_33,2.0,New Hampshire,21.0,1997
164.0,CB_1996_33,1.0,New Hampshire,20.0,1996
164.0,CB_1995_33,0.0,New Hampshire,23.0,1995
120.0,CB_1994_33,0.0,New Hampshire,24.0,1994
131.0,CB_1993_33,0.0,New Hampshire,26.0,1993
138.0,CB_1992_33,0.0,New Hampshire,28.0,1992
155.0,CB_1991_33,1.0,New Hampshire,32.0,1991
204.0,CB_1990_33,2.0,New Hampshire,45.0,1990
212.0,CB_1989_33,2.0,New Hampshire,48.0,1989
209.0,CB_1988_33,0.0,New Hampshire,52.0,1988
222.0,CB_1987_33,1.0,New Hampshire,56.0,1987
216.0,CB_1986_33,2.0,New Hampshire,60.0,1986
215.0,CB_1985_33,2.0,New Hampshire,61.0,1985
204.0,CB_1984_33,0.0,New Hampshire,62.0,1984
190.0,CB_1983_33,1.0,New Hampshire,65.0,1983
184.0,CB_1982_33,2.0,New Hampshire,71.0,1982
175.0,CB_1981_33,0.0,New Hampshire,71.0,1981
160.0,CB_1980_33,0.0,New Hampshire,75.0,1980
148.0,CB_1979_33,1.0,New Hampshire,78.0,1979
135.0,CB_1978_33,2.0,New Hampshire,78.0,1978
126.0,CB_1977_33,1.0,New Hampshire,78.0,1977
119.0,CB_1976_33,0.0,New Hampshire,77.0,1976
112.0,CB_1975_33,1.0,New Hampshire,77.0,1975
99.0,CB_1974_33,1.0,New Hampshire,80.0,1974
90.0,CB_1973_33,4.0,New Hampshire,80.0,1973
79.0,CB_1972_33,4.0,New Hampshire,76.0,1972
69.0,CB_1971_33,0.0,New Hampshire,72.0,1971
63.0,CB_1970_33,0.0,New Hampshire,72.0,1970
52.0,CB_1969_33,3.0,New Hampshire,73.0,1969
41.0,CB_1968_33,2.0,New Hampshire,74.0,1968
37.0,CB_1967_33,1.0,New Hampshire,73.0,1967
33.0,CB_1966_33,1.0,New Hampshire,72.0,1966
27.0,CB_1965_33,,New Hampshire,71.0,1965
20.0,CB_1964_33,,New Hampshire,70.0,1964
4.0,CB_1963_33,,New Hampshire,73.0,1963
3.0,CB_1962_33,,New Hampshire,71.0,1962
3.0,CB_1961_33,,New Hampshire,71.0,1961
4.0,CB_1960_33,,New Hampshire,70.0,1960
3.0,CB_1959_33,,New Hampshire,71.0,1959
3.0,CB_1958_33,,New Hampshire,66.0,1958
3.0,CB_1957_33,,New Hampshire,63.0,1957
2.0,CB_1956_33,,New Hampshire,62.0,1956
2.0,CB_1955_33,,New Hampshire,63.0,1955
2.0,CB_1954_33,,New Hampshire,63.0,1954
2.0,CB_1953_33,,New Hampshire,62.0,1953
1.0,CB_1952_33,,New Hampshire,58.0,1952
1.0,CB_1951_33,,New Hampshire,58.0,1951
1.0,CB_1950_33,,New Hampshire,58.0,1950
1.0,CB_1949_33,,New Hampshire,57.0,1949
1.0,CB_1948_33,,New Hampshire,57.0,1948
1.0,CB_1947_33,,New Hampshire,57.0,1947
1.0,CB_1946_33,,New Hampshire,56.0,1946
2.0,CB_1945_33,,New Hampshire,57.0,1945
1.0,CB_1944_33,,New Hampshire,57.0,1944
1.0,CB_1943_33,,New Hampshire,57.0,1943
1.0,CB_1942_33,,New Hampshire,56.0,1942
1.0,CB_1941_33,,New Hampshire,56.0,1941
1.0,CB_1940_33,,New Hampshire,56.0,1940
1.0,CB_1939_33,,New Hampshire,56.0,1939
1.0,CB_1938_33,,New Hampshire,56.0,1938
1.0,CB_1937_33,,New Hampshire,56.0,1937
1.0,CB_1936_33,,New Hampshire,56.0,1936
1.0,CB_1935_33,,New Hampshire,56.0,1935
0.0,CB_1934_33,,New Hampshire,57.0,1934
