BRANCHES,ID,New_Char,STNAME,TOTAL,YEAR
8.0,CB_2018_69,,Northern Mariana Islands,,2018
8.0,CB_2017_69,,Northern Mariana Islands,,2017
8.0,CB_2016_69,,Northern Mariana Islands,,2016
9.0,CB_2015_69,,Northern Mariana Islands,,2015
9.0,CB_2014_69,,Northern Mariana Islands,,2014
9.0,CB_2013_69,,Northern Mariana Islands,,2013
10.0,CB_2012_69,,Northern Mariana Islands,,2012
10.0,CB_2011_69,,Northern Mariana Islands,,2011
9.0,CB_2010_69,,Northern Mariana Islands,,2010
9.0,CB_2009_69,,Northern Mariana Islands,,2009
9.0,CB_2008_69,,Northern Mariana Islands,,2008
9.0,CB_2007_69,,Northern Mariana Islands,,2007
9.0,CB_2006_69,,Northern Mariana Islands,,2006
9.0,CB_2005_69,,Northern Mariana Islands,,2005
9.0,CB_2004_69,,Northern Mariana Islands,,2004
9.0,CB_2003_69,,Northern Mariana Islands,,2003
12.0,CB_2002_69,,Northern Mariana Islands,,2002
13.0,CB_2001_69,,Northern Mariana Islands,,2001
13.0,CB_2000_69,,Northern Mariana Islands,,2000
11.0,CB_1999_69,,Northern Mariana Islands,,1999
11.0,CB_1998_69,,Northern Mariana Islands,,1998
9.0,CB_1997_69,,Northern Mariana Islands,,1997
9.0,CB_1996_69,,Northern Mariana Islands,,1996
9.0,CB_1995_69,,Northern Mariana Islands,,1995
9.0,CB_1994_69,,Northern Mariana Islands,,1994
8.0,CB_1993_69,,Northern Mariana Islands,,1993
7.0,CB_1992_69,,Northern Mariana Islands,,1992
7.0,CB_1991_69,,Northern Mariana Islands,,1991
6.0,CB_1990_69,,Northern Mariana Islands,,1990
6.0,CB_1989_69,,Northern Mariana Islands,,1989
6.0,CB_1988_69,,Northern Mariana Islands,,1988
5.0,CB_1987_69,,Northern Mariana Islands,,1987
5.0,CB_1986_69,,Northern Mariana Islands,,1986
5.0,CB_1985_69,,Northern Mariana Islands,,1985
6.0,CB_1984_69,,Northern Mariana Islands,,1984
