BRANCHES,ID,New_Char,STNAME,TOTAL,YEAR
2229.0,CB_2018_37,0.0,North Carolina,31.0,2018
2303.0,CB_2017_37,0.0,North Carolina,34.0,2017
2348.0,CB_2016_37,0.0,North Carolina,41.0,2016
2407.0,CB_2015_37,0.0,North Carolina,44.0,2015
2455.0,CB_2014_37,0.0,North Carolina,47.0,2014
2476.0,CB_2013_37,0.0,North Carolina,52.0,2013
2551.0,CB_2012_37,0.0,North Carolina,61.0,2012
2562.0,CB_2011_37,0.0,North Carolina,68.0,2011
2576.0,CB_2010_37,0.0,North Carolina,71.0,2010
2576.0,CB_2009_37,1.0,North Carolina,74.0,2009
2574.0,CB_2008_37,6.0,North Carolina,79.0,2008
2511.0,CB_2007_37,4.0,North Carolina,79.0,2007
2434.0,CB_2006_37,9.0,North Carolina,77.0,2006
2362.0,CB_2005_37,3.0,North Carolina,74.0,2005
2330.0,CB_2004_37,7.0,North Carolina,73.0,2004
2282.0,CB_2003_37,2.0,North Carolina,68.0,2003
2303.0,CB_2002_37,1.0,North Carolina,71.0,2002
2250.0,CB_2001_37,3.0,North Carolina,75.0,2001
2231.0,CB_2000_37,9.0,North Carolina,75.0,2000
2242.0,CB_1999_37,3.0,North Carolina,71.0,1999
2207.0,CB_1998_37,8.0,North Carolina,68.0,1998
2135.0,CB_1997_37,9.0,North Carolina,61.0,1997
2163.0,CB_1996_37,3.0,North Carolina,56.0,1996
2120.0,CB_1995_37,2.0,North Carolina,61.0,1995
2198.0,CB_1994_37,1.0,North Carolina,68.0,1994
2171.0,CB_1993_37,0.0,North Carolina,71.0,1993
2054.0,CB_1992_37,1.0,North Carolina,78.0,1992
2066.0,CB_1991_37,5.0,North Carolina,81.0,1991
2033.0,CB_1990_37,3.0,North Carolina,78.0,1990
1989.0,CB_1989_37,8.0,North Carolina,78.0,1989
1969.0,CB_1988_37,3.0,North Carolina,71.0,1988
1946.0,CB_1987_37,6.0,North Carolina,68.0,1987
1898.0,CB_1986_37,5.0,North Carolina,65.0,1986
1864.0,CB_1985_37,4.0,North Carolina,63.0,1985
1829.0,CB_1984_37,1.0,North Carolina,63.0,1984
1802.0,CB_1983_37,5.0,North Carolina,70.0,1983
1783.0,CB_1982_37,2.0,North Carolina,69.0,1982
1780.0,CB_1981_37,0.0,North Carolina,71.0,1981
1732.0,CB_1980_37,1.0,North Carolina,79.0,1980
1713.0,CB_1979_37,1.0,North Carolina,82.0,1979
1673.0,CB_1978_37,1.0,North Carolina,88.0,1978
1644.0,CB_1977_37,0.0,North Carolina,89.0,1977
1611.0,CB_1976_37,2.0,North Carolina,91.0,1976
1575.0,CB_1975_37,2.0,North Carolina,93.0,1975
1537.0,CB_1974_37,6.0,North Carolina,91.0,1974
1435.0,CB_1973_37,7.0,North Carolina,89.0,1973
1322.0,CB_1972_37,3.0,North Carolina,86.0,1972
1217.0,CB_1971_37,3.0,North Carolina,94.0,1971
1112.0,CB_1970_37,1.0,North Carolina,97.0,1970
1010.0,CB_1969_37,1.0,North Carolina,108.0,1969
924.0,CB_1968_37,2.0,North Carolina,120.0,1968
854.0,CB_1967_37,2.0,North Carolina,127.0,1967
786.0,CB_1966_37,0.0,North Carolina,136.0,1966
733.0,CB_1965_37,,North Carolina,145.0,1965
713.0,CB_1964_37,,North Carolina,151.0,1964
669.0,CB_1963_37,,North Carolina,155.0,1963
606.0,CB_1962_37,,North Carolina,161.0,1962
547.0,CB_1961_37,,North Carolina,170.0,1961
505.0,CB_1960_37,,North Carolina,182.0,1960
449.0,CB_1959_37,,North Carolina,191.0,1959
409.0,CB_1958_37,,North Carolina,202.0,1958
384.0,CB_1957_37,,North Carolina,209.0,1957
354.0,CB_1956_37,,North Carolina,213.0,1956
323.0,CB_1955_37,,North Carolina,219.0,1955
301.0,CB_1954_37,,North Carolina,223.0,1954
270.0,CB_1953_37,,North Carolina,225.0,1953
255.0,CB_1952_37,,North Carolina,225.0,1952
233.0,CB_1951_37,,North Carolina,224.0,1951
216.0,CB_1950_37,,North Carolina,224.0,1950
192.0,CB_1949_37,,North Carolina,226.0,1949
179.0,CB_1948_37,,North Carolina,225.0,1948
168.0,CB_1947_37,,North Carolina,223.0,1947
159.0,CB_1946_37,,North Carolina,222.0,1946
148.0,CB_1945_37,,North Carolina,224.0,1945
147.0,CB_1944_37,,North Carolina,222.0,1944
145.0,CB_1943_37,,North Carolina,219.0,1943
136.0,CB_1942_37,,North Carolina,219.0,1942
129.0,CB_1941_37,,North Carolina,220.0,1941
125.0,CB_1940_37,,North Carolina,220.0,1940
124.0,CB_1939_37,,North Carolina,220.0,1939
113.0,CB_1938_37,,North Carolina,224.0,1938
108.0,CB_1937_37,,North Carolina,228.0,1937
103.0,CB_1936_37,,North Carolina,232.0,1936
89.0,CB_1935_37,,North Carolina,236.0,1935
0.0,CB_1934_37,,North Carolina,237.0,1934
