BRANCHES,ID,New_Char,STNAME,TOTAL,YEAR
,CB_2018_97,,Pacific Islands,,2018
,CB_2017_97,,Pacific Islands,,2017
,CB_2016_97,,Pacific Islands,,2016
,CB_2015_97,,Pacific Islands,,2015
,CB_2014_97,,Pacific Islands,,2014
,CB_2013_97,,Pacific Islands,,2013
,CB_2012_97,,Pacific Islands,,2012
,CB_2011_97,,Pacific Islands,,2011
,CB_2010_97,,Pacific Islands,,2010
,CB_2009_97,,Pacific Islands,,2009
,CB_2008_97,,Pacific Islands,,2008
,CB_2007_97,,Pacific Islands,,2007
,CB_2006_97,,Pacific Islands,,2006
,CB_2005_97,,Pacific Islands,,2005
,CB_2004_97,,Pacific Islands,,2004
,CB_2003_97,,Pacific Islands,,2003
,CB_2002_97,,Pacific Islands,,2002
,CB_2001_97,,Pacific Islands,,2001
,CB_2000_97,,Pacific Islands,,2000
,CB_1999_97,,Pacific Islands,,1999
,CB_1998_97,,Pacific Islands,,1998
,CB_1997_97,,Pacific Islands,,1997
,CB_1996_97,,Pacific Islands,,1996
,CB_1995_97,,Pacific Islands,,1995
,CB_1994_97,,Pacific Islands,,1994
,CB_1993_97,,Pacific Islands,,1993
,CB_1992_97,,Pacific Islands,,1992
,CB_1991_97,,Pacific Islands,,1991
,CB_1990_97,,Pacific Islands,,1990
,CB_1989_97,,Pacific Islands,,1989
,CB_1988_97,,Pacific Islands,,1988
,CB_1987_97,,Pacific Islands,,1987
,CB_1986_97,,Pacific Islands,,1986
,CB_1985_97,,Pacific Islands,,1985
,CB_1984_97,,Pacific Islands,,1984
,CB_1983_97,,Pacific Islands,,1983
,CB_1982_97,,Pacific Islands,,1982
,CB_1981_97,,Pacific Islands,,1981
,CB_1980_97,,Pacific Islands,,1980
,CB_1979_97,,Pacific Islands,,1979
,CB_1978_97,,Pacific Islands,,1978
,CB_1977_97,,Pacific Islands,,1977
,CB_1976_97,,Pacific Islands,,1976
,CB_1975_97,,Pacific Islands,,1975
,CB_1974_97,,Pacific Islands,,1974
,CB_1973_97,,Pacific Islands,,1973
,CB_1972_97,,Pacific Islands,,1972
,CB_1971_97,,Pacific Islands,,1971
,CB_1970_97,,Pacific Islands,,1970
,CB_1969_97,,Pacific Islands,,1969
,CB_1968_97,,Pacific Islands,,1968
,CB_1967_97,,Pacific Islands,,1967
,CB_1966_97,,Pacific Islands,,1966
,CB_1965_97,,Pacific Islands,,1965
,CB_1964_97,,Pacific Islands,,1964
,CB_1963_97,,Pacific Islands,,1963
,CB_1962_97,,Pacific Islands,,1962
,CB_1961_97,,Pacific Islands,,1961
,CB_1960_97,,Pacific Islands,,1960
,CB_1959_97,,Pacific Islands,,1959
,CB_1958_97,,Pacific Islands,,1958
,CB_1957_97,,Pacific Islands,,1957
,CB_1956_97,,Pacific Islands,,1956
,CB_1955_97,,Pacific Islands,,1955
,CB_1954_97,,Pacific Islands,,1954
,CB_1953_97,,Pacific Islands,,1953
,CB_1952_97,,Pacific Islands,,1952
,CB_1951_97,,Pacific Islands,,1951
,CB_1950_97,,Pacific Islands,,1950
,CB_1949_97,,Pacific Islands,,1949
,CB_1948_97,,Pacific Islands,,1948
,CB_1947_97,,Pacific Islands,,1947
,CB_1946_97,,Pacific Islands,,1946
,CB_1945_97,,Pacific Islands,,1945
,CB_1944_97,,Pacific Islands,,1944
,CB_1943_97,,Pacific Islands,,1943
,CB_1942_97,,Pacific Islands,,1942
,CB_1941_97,,Pacific Islands,,1941
,CB_1940_97,,Pacific Islands,,1940
,CB_1939_97,,Pacific Islands,,1939
,CB_1938_97,,Pacific Islands,,1938
,CB_1937_97,,Pacific Islands,,1937
,CB_1936_97,,Pacific Islands,,1936
,CB_1935_97,,Pacific Islands,,1935
,CB_1934_97,,Pacific Islands,,1934
