BRANCHES,ID,New_Char,STNAME,TOTAL,YEAR
3180.0,CB_2018_42,0.0,Pennsylvania,95.0,2018
3256.0,CB_2017_42,0.0,Pennsylvania,101.0,2017
3307.0,CB_2016_42,0.0,Pennsylvania,107.0,2016
3398.0,CB_2015_42,0.0,Pennsylvania,113.0,2015
3460.0,CB_2014_42,0.0,Pennsylvania,122.0,2014
3494.0,CB_2013_42,1.0,Pennsylvania,124.0,2013
3570.0,CB_2012_42,0.0,Pennsylvania,128.0,2012
3425.0,CB_2011_42,0.0,Pennsylvania,130.0,2011
3431.0,CB_2010_42,0.0,Pennsylvania,135.0,2010
3383.0,CB_2009_42,0.0,Pennsylvania,140.0,2009
3490.0,CB_2008_42,3.0,Pennsylvania,145.0,2008
3404.0,CB_2007_42,6.0,Pennsylvania,154.0,2007
3347.0,CB_2006_42,4.0,Pennsylvania,159.0,2006
3282.0,CB_2005_42,4.0,Pennsylvania,161.0,2005
3252.0,CB_2004_42,5.0,Pennsylvania,165.0,2004
3196.0,CB_2003_42,3.0,Pennsylvania,169.0,2003
3184.0,CB_2002_42,1.0,Pennsylvania,173.0,2002
3193.0,CB_2001_42,4.0,Pennsylvania,180.0,2001
3492.0,CB_2000_42,1.0,Pennsylvania,187.0,2000
3488.0,CB_1999_42,8.0,Pennsylvania,193.0,1999
3434.0,CB_1998_42,2.0,Pennsylvania,197.0,1998
3550.0,CB_1997_42,4.0,Pennsylvania,212.0,1997
3468.0,CB_1996_42,2.0,Pennsylvania,217.0,1996
3542.0,CB_1995_42,1.0,Pennsylvania,224.0,1995
3525.0,CB_1994_42,1.0,Pennsylvania,245.0,1994
3402.0,CB_1993_42,0.0,Pennsylvania,261.0,1993
3402.0,CB_1992_42,2.0,Pennsylvania,281.0,1992
3319.0,CB_1991_42,1.0,Pennsylvania,289.0,1991
3174.0,CB_1990_42,6.0,Pennsylvania,300.0,1990
3048.0,CB_1989_42,7.0,Pennsylvania,298.0,1989
2952.0,CB_1988_42,10.0,Pennsylvania,293.0,1988
2895.0,CB_1987_42,5.0,Pennsylvania,295.0,1987
2836.0,CB_1986_42,2.0,Pennsylvania,300.0,1986
2762.0,CB_1985_42,3.0,Pennsylvania,312.0,1985
2706.0,CB_1984_42,2.0,Pennsylvania,326.0,1984
2659.0,CB_1983_42,1.0,Pennsylvania,332.0,1983
2627.0,CB_1982_42,0.0,Pennsylvania,340.0,1982
2672.0,CB_1981_42,0.0,Pennsylvania,350.0,1981
2557.0,CB_1980_42,0.0,Pennsylvania,355.0,1980
2477.0,CB_1979_42,0.0,Pennsylvania,367.0,1979
2425.0,CB_1978_42,0.0,Pennsylvania,370.0,1978
2358.0,CB_1977_42,0.0,Pennsylvania,381.0,1977
2322.0,CB_1976_42,0.0,Pennsylvania,386.0,1976
2273.0,CB_1975_42,2.0,Pennsylvania,392.0,1975
2191.0,CB_1974_42,1.0,Pennsylvania,399.0,1974
2059.0,CB_1973_42,0.0,Pennsylvania,415.0,1973
1917.0,CB_1972_42,0.0,Pennsylvania,430.0,1972
1824.0,CB_1971_42,0.0,Pennsylvania,447.0,1971
1725.0,CB_1970_42,1.0,Pennsylvania,463.0,1970
1614.0,CB_1969_42,1.0,Pennsylvania,483.0,1969
1517.0,CB_1968_42,2.0,Pennsylvania,500.0,1968
1419.0,CB_1967_42,0.0,Pennsylvania,512.0,1967
1336.0,CB_1966_42,0.0,Pennsylvania,536.0,1966
1235.0,CB_1965_42,,Pennsylvania,561.0,1965
1145.0,CB_1964_42,,Pennsylvania,581.0,1964
1045.0,CB_1963_42,,Pennsylvania,611.0,1963
944.0,CB_1962_42,,Pennsylvania,628.0,1962
872.0,CB_1961_42,,Pennsylvania,666.0,1961
791.0,CB_1960_42,,Pennsylvania,691.0,1960
738.0,CB_1959_42,,Pennsylvania,710.0,1959
668.0,CB_1958_42,,Pennsylvania,730.0,1958
593.0,CB_1957_42,,Pennsylvania,758.0,1957
535.0,CB_1956_42,,Pennsylvania,778.0,1956
468.0,CB_1955_42,,Pennsylvania,804.0,1955
392.0,CB_1954_42,,Pennsylvania,843.0,1954
310.0,CB_1953_42,,Pennsylvania,888.0,1953
252.0,CB_1952_42,,Pennsylvania,923.0,1952
216.0,CB_1951_42,,Pennsylvania,944.0,1951
189.0,CB_1950_42,,Pennsylvania,954.0,1950
177.0,CB_1949_42,,Pennsylvania,960.0,1949
162.0,CB_1948_42,,Pennsylvania,967.0,1948
145.0,CB_1947_42,,Pennsylvania,978.0,1947
122.0,CB_1946_42,,Pennsylvania,998.0,1946
116.0,CB_1945_42,,Pennsylvania,1008.0,1945
107.0,CB_1944_42,,Pennsylvania,1015.0,1944
103.0,CB_1943_42,,Pennsylvania,1017.0,1943
101.0,CB_1942_42,,Pennsylvania,1033.0,1942
95.0,CB_1941_42,,Pennsylvania,1048.0,1941
93.0,CB_1940_42,,Pennsylvania,1052.0,1940
98.0,CB_1939_42,,Pennsylvania,1062.0,1939
99.0,CB_1938_42,,Pennsylvania,1067.0,1938
99.0,CB_1937_42,,Pennsylvania,1068.0,1937
95.0,CB_1936_42,,Pennsylvania,1082.0,1936
91.0,CB_1935_42,,Pennsylvania,1082.0,1935
0.0,CB_1934_42,,Pennsylvania,1080.0,1934
