BRANCHES,ID,New_Char,STNAME,TOTAL,YEAR
199.0,CB_2018_44,0.0,Rhode Island,5.0,2018
202.0,CB_2017_44,0.0,Rhode Island,5.0,2017
211.0,CB_2016_44,0.0,Rhode Island,5.0,2016
212.0,CB_2015_44,0.0,Rhode Island,5.0,2015
212.0,CB_2014_44,0.0,Rhode Island,5.0,2014
210.0,CB_2013_44,0.0,Rhode Island,5.0,2013
212.0,CB_2012_44,0.0,Rhode Island,6.0,2012
177.0,CB_2011_44,0.0,Rhode Island,7.0,2011
177.0,CB_2010_44,0.0,Rhode Island,7.0,2010
177.0,CB_2009_44,0.0,Rhode Island,7.0,2009
177.0,CB_2008_44,0.0,Rhode Island,7.0,2008
174.0,CB_2007_44,0.0,Rhode Island,7.0,2007
171.0,CB_2006_44,0.0,Rhode Island,7.0,2006
171.0,CB_2005_44,1.0,Rhode Island,7.0,2005
165.0,CB_2004_44,0.0,Rhode Island,8.0,2004
157.0,CB_2003_44,1.0,Rhode Island,8.0,2003
154.0,CB_2002_44,0.0,Rhode Island,7.0,2002
157.0,CB_2001_44,1.0,Rhode Island,8.0,2001
137.0,CB_2000_44,1.0,Rhode Island,7.0,2000
183.0,CB_1999_44,0.0,Rhode Island,6.0,1999
183.0,CB_1998_44,0.0,Rhode Island,7.0,1998
180.0,CB_1997_44,0.0,Rhode Island,9.0,1997
177.0,CB_1996_44,1.0,Rhode Island,8.0,1996
162.0,CB_1995_44,0.0,Rhode Island,8.0,1995
174.0,CB_1994_44,0.0,Rhode Island,9.0,1994
145.0,CB_1993_44,0.0,Rhode Island,10.0,1993
164.0,CB_1992_44,0.0,Rhode Island,12.0,1992
160.0,CB_1991_44,1.0,Rhode Island,13.0,1991
166.0,CB_1990_44,0.0,Rhode Island,11.0,1990
166.0,CB_1989_44,0.0,Rhode Island,13.0,1989
164.0,CB_1988_44,0.0,Rhode Island,12.0,1988
160.0,CB_1987_44,0.0,Rhode Island,12.0,1987
178.0,CB_1986_44,0.0,Rhode Island,15.0,1986
181.0,CB_1985_44,3.0,Rhode Island,16.0,1985
184.0,CB_1984_44,0.0,Rhode Island,13.0,1984
216.0,CB_1983_44,0.0,Rhode Island,15.0,1983
222.0,CB_1982_44,0.0,Rhode Island,15.0,1982
227.0,CB_1981_44,0.0,Rhode Island,14.0,1981
223.0,CB_1980_44,0.0,Rhode Island,14.0,1980
221.0,CB_1979_44,0.0,Rhode Island,14.0,1979
216.0,CB_1978_44,0.0,Rhode Island,14.0,1978
215.0,CB_1977_44,0.0,Rhode Island,14.0,1977
214.0,CB_1976_44,0.0,Rhode Island,14.0,1976
210.0,CB_1975_44,0.0,Rhode Island,14.0,1975
204.0,CB_1974_44,0.0,Rhode Island,14.0,1974
199.0,CB_1973_44,0.0,Rhode Island,14.0,1973
177.0,CB_1972_44,3.0,Rhode Island,14.0,1972
171.0,CB_1971_44,0.0,Rhode Island,11.0,1971
163.0,CB_1970_44,0.0,Rhode Island,11.0,1970
153.0,CB_1969_44,0.0,Rhode Island,11.0,1969
151.0,CB_1968_44,0.0,Rhode Island,11.0,1968
142.0,CB_1967_44,3.0,Rhode Island,12.0,1967
121.0,CB_1966_44,0.0,Rhode Island,9.0,1966
118.0,CB_1965_44,,Rhode Island,9.0,1965
105.0,CB_1964_44,,Rhode Island,8.0,1964
100.0,CB_1963_44,,Rhode Island,8.0,1963
98.0,CB_1962_44,,Rhode Island,8.0,1962
90.0,CB_1961_44,,Rhode Island,8.0,1961
90.0,CB_1960_44,,Rhode Island,8.0,1960
89.0,CB_1959_44,,Rhode Island,8.0,1959
84.0,CB_1958_44,,Rhode Island,7.0,1958
77.0,CB_1957_44,,Rhode Island,8.0,1957
72.0,CB_1956_44,,Rhode Island,8.0,1956
68.0,CB_1955_44,,Rhode Island,8.0,1955
62.0,CB_1954_44,,Rhode Island,8.0,1954
55.0,CB_1953_44,,Rhode Island,9.0,1953
52.0,CB_1952_44,,Rhode Island,10.0,1952
52.0,CB_1951_44,,Rhode Island,11.0,1951
47.0,CB_1950_44,,Rhode Island,12.0,1950
39.0,CB_1949_44,,Rhode Island,13.0,1949
38.0,CB_1948_44,,Rhode Island,14.0,1948
37.0,CB_1947_44,,Rhode Island,14.0,1947
35.0,CB_1946_44,,Rhode Island,14.0,1946
35.0,CB_1945_44,,Rhode Island,15.0,1945
35.0,CB_1944_44,,Rhode Island,16.0,1944
27.0,CB_1943_44,,Rhode Island,15.0,1943
28.0,CB_1942_44,,Rhode Island,16.0,1942
28.0,CB_1941_44,,Rhode Island,16.0,1941
28.0,CB_1940_44,,Rhode Island,16.0,1940
28.0,CB_1939_44,,Rhode Island,16.0,1939
28.0,CB_1938_44,,Rhode Island,16.0,1938
28.0,CB_1937_44,,Rhode Island,16.0,1937
28.0,CB_1936_44,,Rhode Island,16.0,1936
28.0,CB_1935_44,,Rhode Island,16.0,1935
0.0,CB_1934_44,,Rhode Island,16.0,1934
