BRANCHES,ID,New_Char,STNAME,TOTAL,YEAR
1177.0,CB_2018_45,1.0,South Carolina,38.0,2018
1213.0,CB_2017_45,0.0,South Carolina,41.0,2017
1247.0,CB_2016_45,0.0,South Carolina,44.0,2016
1271.0,CB_2015_45,0.0,South Carolina,48.0,2015
1301.0,CB_2014_45,0.0,South Carolina,52.0,2014
1325.0,CB_2013_45,0.0,South Carolina,56.0,2013
1349.0,CB_2012_45,0.0,South Carolina,58.0,2012
1281.0,CB_2011_45,0.0,South Carolina,59.0,2011
1257.0,CB_2010_45,0.0,South Carolina,63.0,2010
1256.0,CB_2009_45,1.0,South Carolina,67.0,2009
1263.0,CB_2008_45,1.0,South Carolina,66.0,2008
1232.0,CB_2007_45,2.0,South Carolina,69.0,2007
1169.0,CB_2006_45,6.0,South Carolina,72.0,2006
1124.0,CB_2005_45,3.0,South Carolina,74.0,2005
1102.0,CB_2004_45,1.0,South Carolina,75.0,2004
1078.0,CB_2003_45,1.0,South Carolina,75.0,2003
1069.0,CB_2002_45,1.0,South Carolina,77.0,2002
1050.0,CB_2001_45,3.0,South Carolina,77.0,2001
1021.0,CB_2000_45,4.0,South Carolina,79.0,2000
975.0,CB_1999_45,6.0,South Carolina,77.0,1999
962.0,CB_1998_45,6.0,South Carolina,77.0,1998
904.0,CB_1997_45,5.0,South Carolina,80.0,1997
903.0,CB_1996_45,7.0,South Carolina,79.0,1996
913.0,CB_1995_45,2.0,South Carolina,71.0,1995
937.0,CB_1994_45,0.0,South Carolina,75.0,1994
882.0,CB_1993_45,0.0,South Carolina,78.0,1993
849.0,CB_1992_45,0.0,South Carolina,81.0,1992
871.0,CB_1991_45,0.0,South Carolina,83.0,1991
867.0,CB_1990_45,3.0,South Carolina,85.0,1990
845.0,CB_1989_45,5.0,South Carolina,82.0,1989
832.0,CB_1988_45,5.0,South Carolina,77.0,1988
817.0,CB_1987_45,5.0,South Carolina,74.0,1987
820.0,CB_1986_45,5.0,South Carolina,73.0,1986
794.0,CB_1985_45,2.0,South Carolina,74.0,1985
787.0,CB_1984_45,2.0,South Carolina,73.0,1984
795.0,CB_1983_45,0.0,South Carolina,72.0,1983
773.0,CB_1982_45,1.0,South Carolina,78.0,1982
766.0,CB_1981_45,0.0,South Carolina,83.0,1981
729.0,CB_1980_45,2.0,South Carolina,85.0,1980
687.0,CB_1979_45,0.0,South Carolina,85.0,1979
662.0,CB_1978_45,0.0,South Carolina,87.0,1978
629.0,CB_1977_45,0.0,South Carolina,88.0,1977
607.0,CB_1976_45,0.0,South Carolina,90.0,1976
601.0,CB_1975_45,2.0,South Carolina,90.0,1975
581.0,CB_1974_45,4.0,South Carolina,91.0,1974
548.0,CB_1973_45,1.0,South Carolina,91.0,1973
499.0,CB_1972_45,0.0,South Carolina,94.0,1972
459.0,CB_1971_45,1.0,South Carolina,99.0,1971
418.0,CB_1970_45,0.0,South Carolina,102.0,1970
380.0,CB_1969_45,0.0,South Carolina,104.0,1969
351.0,CB_1968_45,1.0,South Carolina,117.0,1968
328.0,CB_1967_45,1.0,South Carolina,122.0,1967
302.0,CB_1966_45,1.0,South Carolina,124.0,1966
270.0,CB_1965_45,,South Carolina,125.0,1965
242.0,CB_1964_45,,South Carolina,129.0,1964
217.0,CB_1963_45,,South Carolina,134.0,1963
186.0,CB_1962_45,,South Carolina,138.0,1962
166.0,CB_1961_45,,South Carolina,138.0,1961
147.0,CB_1960_45,,South Carolina,139.0,1960
134.0,CB_1959_45,,South Carolina,138.0,1959
128.0,CB_1958_45,,South Carolina,137.0,1958
110.0,CB_1957_45,,South Carolina,137.0,1957
95.0,CB_1956_45,,South Carolina,139.0,1956
86.0,CB_1955_45,,South Carolina,139.0,1955
78.0,CB_1954_45,,South Carolina,139.0,1954
71.0,CB_1953_45,,South Carolina,136.0,1953
64.0,CB_1952_45,,South Carolina,134.0,1952
54.0,CB_1951_45,,South Carolina,134.0,1951
49.0,CB_1950_45,,South Carolina,131.0,1950
41.0,CB_1949_45,,South Carolina,134.0,1949
37.0,CB_1948_45,,South Carolina,129.0,1948
33.0,CB_1947_45,,South Carolina,127.0,1947
30.0,CB_1946_45,,South Carolina,126.0,1946
30.0,CB_1945_45,,South Carolina,120.0,1945
33.0,CB_1944_45,,South Carolina,120.0,1944
30.0,CB_1943_45,,South Carolina,117.0,1943
26.0,CB_1942_45,,South Carolina,115.0,1942
24.0,CB_1941_45,,South Carolina,114.0,1941
22.0,CB_1940_45,,South Carolina,113.0,1940
22.0,CB_1939_45,,South Carolina,112.0,1939
22.0,CB_1938_45,,South Carolina,109.0,1938
23.0,CB_1937_45,,South Carolina,111.0,1937
22.0,CB_1936_45,,South Carolina,111.0,1936
21.0,CB_1935_45,,South Carolina,112.0,1935
0.0,CB_1934_45,,South Carolina,97.0,1934
