BRANCHES,ID,New_Char,STNAME,TOTAL,YEAR
11.0,CB_2018_64,0.0,States of Micronesia,1.0,2018
11.0,CB_2017_64,0.0,States of Micronesia,1.0,2017
11.0,CB_2016_64,0.0,States of Micronesia,1.0,2016
11.0,CB_2015_64,0.0,States of Micronesia,1.0,2015
11.0,CB_2014_64,0.0,States of Micronesia,1.0,2014
11.0,CB_2013_64,0.0,States of Micronesia,1.0,2013
11.0,CB_2012_64,0.0,States of Micronesia,1.0,2012
11.0,CB_2011_64,0.0,States of Micronesia,1.0,2011
11.0,CB_2010_64,0.0,States of Micronesia,1.0,2010
11.0,CB_2009_64,0.0,States of Micronesia,1.0,2009
9.0,CB_2008_64,0.0,States of Micronesia,1.0,2008
9.0,CB_2007_64,0.0,States of Micronesia,1.0,2007
9.0,CB_2006_64,0.0,States of Micronesia,1.0,2006
9.0,CB_2005_64,0.0,States of Micronesia,1.0,2005
9.0,CB_2004_64,0.0,States of Micronesia,1.0,2004
9.0,CB_2003_64,0.0,States of Micronesia,1.0,2003
9.0,CB_2002_64,0.0,States of Micronesia,1.0,2002
13.0,CB_2001_64,0.0,States of Micronesia,1.0,2001
13.0,CB_2000_64,0.0,States of Micronesia,1.0,2000
14.0,CB_1999_64,0.0,States of Micronesia,1.0,1999
16.0,CB_1998_64,0.0,States of Micronesia,1.0,1998
16.0,CB_1997_64,0.0,States of Micronesia,1.0,1997
14.0,CB_1996_64,0.0,States of Micronesia,1.0,1996
14.0,CB_1995_64,0.0,States of Micronesia,1.0,1995
14.0,CB_1994_64,0.0,States of Micronesia,1.0,1994
10.0,CB_1993_64,0.0,States of Micronesia,1.0,1993
10.0,CB_1992_64,0.0,States of Micronesia,1.0,1992
9.0,CB_1991_64,0.0,States of Micronesia,1.0,1991
9.0,CB_1990_64,0.0,States of Micronesia,1.0,1990
4.0,CB_1989_64,0.0,States of Micronesia,1.0,1989
4.0,CB_1988_64,0.0,States of Micronesia,1.0,1988
4.0,CB_1987_64,0.0,States of Micronesia,1.0,1987
4.0,CB_1986_64,1.0,States of Micronesia,1.0,1986
4.0,CB_1985_64,,States of Micronesia,,1985
4.0,CB_1984_64,,States of Micronesia,,1984
