BRANCHES,ID,New_Char,STNAME,TOTAL,YEAR
21.0,CB_2018_78,0.0,Virgin Islands,1.0,2018
21.0,CB_2017_78,0.0,Virgin Islands,1.0,2017
24.0,CB_2016_78,0.0,Virgin Islands,2.0,2016
24.0,CB_2015_78,0.0,Virgin Islands,2.0,2015
24.0,CB_2014_78,0.0,Virgin Islands,2.0,2014
25.0,CB_2013_78,0.0,Virgin Islands,2.0,2013
25.0,CB_2012_78,0.0,Virgin Islands,2.0,2012
25.0,CB_2011_78,0.0,Virgin Islands,2.0,2011
25.0,CB_2010_78,0.0,Virgin Islands,2.0,2010
24.0,CB_2009_78,0.0,Virgin Islands,2.0,2009
24.0,CB_2008_78,0.0,Virgin Islands,2.0,2008
24.0,CB_2007_78,0.0,Virgin Islands,3.0,2007
19.0,CB_2006_78,1.0,Virgin Islands,3.0,2006
19.0,CB_2005_78,0.0,Virgin Islands,2.0,2005
19.0,CB_2004_78,0.0,Virgin Islands,2.0,2004
20.0,CB_2003_78,0.0,Virgin Islands,2.0,2003
21.0,CB_2002_78,0.0,Virgin Islands,2.0,2002
21.0,CB_2001_78,0.0,Virgin Islands,2.0,2001
21.0,CB_2000_78,0.0,Virgin Islands,2.0,2000
19.0,CB_1999_78,0.0,Virgin Islands,2.0,1999
19.0,CB_1998_78,0.0,Virgin Islands,2.0,1998
19.0,CB_1997_78,0.0,Virgin Islands,2.0,1997
19.0,CB_1996_78,0.0,Virgin Islands,2.0,1996
19.0,CB_1995_78,1.0,Virgin Islands,2.0,1995
19.0,CB_1994_78,1.0,Virgin Islands,1.0,1994
17.0,CB_1993_78,,Virgin Islands,,1993
15.0,CB_1992_78,,Virgin Islands,,1992
18.0,CB_1991_78,,Virgin Islands,,1991
18.0,CB_1990_78,,Virgin Islands,,1990
18.0,CB_1989_78,,Virgin Islands,,1989
17.0,CB_1988_78,,Virgin Islands,,1988
16.0,CB_1987_78,,Virgin Islands,,1987
17.0,CB_1986_78,,Virgin Islands,,1986
19.0,CB_1985_78,,Virgin Islands,,1985
20.0,CB_1984_78,,Virgin Islands,,1984
23.0,CB_1983_78,0.0,Virgin Islands,0.0,1983
24.0,CB_1982_78,0.0,Virgin Islands,0.0,1982
24.0,CB_1981_78,0.0,Virgin Islands,0.0,1981
23.0,CB_1980_78,0.0,Virgin Islands,0.0,1980
24.0,CB_1979_78,0.0,Virgin Islands,0.0,1979
24.0,CB_1978_78,0.0,Virgin Islands,0.0,1978
24.0,CB_1977_78,0.0,Virgin Islands,0.0,1977
26.0,CB_1976_78,0.0,Virgin Islands,1.0,1976
28.0,CB_1975_78,1.0,Virgin Islands,2.0,1975
29.0,CB_1974_78,0.0,Virgin Islands,2.0,1974
30.0,CB_1973_78,0.0,Virgin Islands,2.0,1973
29.0,CB_1972_78,0.0,Virgin Islands,2.0,1972
28.0,CB_1971_78,1.0,Virgin Islands,2.0,1971
24.0,CB_1970_78,0.0,Virgin Islands,1.0,1970
20.0,CB_1969_78,0.0,Virgin Islands,1.0,1969
19.0,CB_1968_78,0.0,Virgin Islands,1.0,1968
13.0,CB_1967_78,0.0,Virgin Islands,1.0,1967
11.0,CB_1966_78,0.0,Virgin Islands,1.0,1966
6.0,CB_1965_78,,Virgin Islands,1.0,1965
6.0,CB_1964_78,,Virgin Islands,1.0,1964
6.0,CB_1963_78,,Virgin Islands,1.0,1963
6.0,CB_1962_78,,Virgin Islands,1.0,1962
6.0,CB_1961_78,,Virgin Islands,1.0,1961
5.0,CB_1960_78,,Virgin Islands,1.0,1960
5.0,CB_1959_78,,Virgin Islands,1.0,1959
4.0,CB_1958_78,,Virgin Islands,2.0,1958
2.0,CB_1957_78,,Virgin Islands,2.0,1957
2.0,CB_1956_78,,Virgin Islands,2.0,1956
2.0,CB_1955_78,,Virgin Islands,2.0,1955
2.0,CB_1954_78,,Virgin Islands,2.0,1954
1.0,CB_1953_78,,Virgin Islands,2.0,1953
1.0,CB_1952_78,,Virgin Islands,1.0,1952
1.0,CB_1951_78,,Virgin Islands,1.0,1951
1.0,CB_1950_78,,Virgin Islands,1.0,1950
1.0,CB_1949_78,,Virgin Islands,1.0,1949
1.0,CB_1948_78,,Virgin Islands,1.0,1948
1.0,CB_1947_78,,Virgin Islands,1.0,1947
1.0,CB_1946_78,,Virgin Islands,1.0,1946
1.0,CB_1945_78,,Virgin Islands,1.0,1945
1.0,CB_1944_78,,Virgin Islands,1.0,1944
1.0,CB_1943_78,,Virgin Islands,1.0,1943
2.0,CB_1942_78,,Virgin Islands,1.0,1942
2.0,CB_1941_78,,Virgin Islands,1.0,1941
1.0,CB_1940_78,,Virgin Islands,1.0,1940
1.0,CB_1939_78,,Virgin Islands,1.0,1939
1.0,CB_1938_78,,Virgin Islands,1.0,1938
1.0,CB_1937_78,,Virgin Islands,1.0,1937
1.0,CB_1936_78,,Virgin Islands,1.0,1936
0.0,CB_1935_78,,Virgin Islands,0.0,1935
0.0,CB_1934_78,,Virgin Islands,0.0,1934
