BRANCHES,ID,New_Char,STNAME,TOTAL,YEAR
555.0,CB_2018_54,0.0,West Virginia,48.0,2018
564.0,CB_2017_54,0.0,West Virginia,51.0,2017
577.0,CB_2016_54,0.0,West Virginia,54.0,2016
585.0,CB_2015_54,0.0,West Virginia,56.0,2015
592.0,CB_2014_54,0.0,West Virginia,56.0,2014
594.0,CB_2013_54,0.0,West Virginia,57.0,2013
601.0,CB_2012_54,0.0,West Virginia,57.0,2012
601.0,CB_2011_54,0.0,West Virginia,58.0,2011
592.0,CB_2010_54,0.0,West Virginia,60.0,2010
590.0,CB_2009_54,0.0,West Virginia,60.0,2009
591.0,CB_2008_54,0.0,West Virginia,61.0,2008
578.0,CB_2007_54,0.0,West Virginia,62.0,2007
563.0,CB_2006_54,0.0,West Virginia,64.0,2006
562.0,CB_2005_54,1.0,West Virginia,64.0,2005
549.0,CB_2004_54,0.0,West Virginia,66.0,2004
548.0,CB_2003_54,1.0,West Virginia,67.0,2003
547.0,CB_2002_54,0.0,West Virginia,69.0,2002
539.0,CB_2001_54,2.0,West Virginia,72.0,2001
524.0,CB_2000_54,1.0,West Virginia,70.0,2000
509.0,CB_1999_54,2.0,West Virginia,82.0,1999
505.0,CB_1998_54,3.0,West Virginia,89.0,1998
489.0,CB_1997_54,0.0,West Virginia,100.0,1997
461.0,CB_1996_54,3.0,West Virginia,113.0,1996
442.0,CB_1995_54,3.0,West Virginia,118.0,1995
431.0,CB_1994_54,0.0,West Virginia,122.0,1994
408.0,CB_1993_54,0.0,West Virginia,148.0,1993
379.0,CB_1992_54,1.0,West Virginia,164.0,1992
375.0,CB_1991_54,0.0,West Virginia,169.0,1991
333.0,CB_1990_54,1.0,West Virginia,180.0,1990
315.0,CB_1989_54,0.0,West Virginia,188.0,1989
288.0,CB_1988_54,0.0,West Virginia,199.0,1988
265.0,CB_1987_54,1.0,West Virginia,207.0,1987
239.0,CB_1986_54,2.0,West Virginia,213.0,1986
198.0,CB_1985_54,1.0,West Virginia,218.0,1985
158.0,CB_1984_54,2.0,West Virginia,227.0,1984
114.0,CB_1983_54,2.0,West Virginia,231.0,1983
84.0,CB_1982_54,0.0,West Virginia,241.0,1982
66.0,CB_1981_54,6.0,West Virginia,243.0,1981
64.0,CB_1980_54,3.0,West Virginia,237.0,1980
59.0,CB_1979_54,4.0,West Virginia,235.0,1979
56.0,CB_1978_54,4.0,West Virginia,231.0,1978
51.0,CB_1977_54,5.0,West Virginia,227.0,1977
49.0,CB_1976_54,3.0,West Virginia,222.0,1976
35.0,CB_1975_54,5.0,West Virginia,219.0,1975
26.0,CB_1974_54,3.0,West Virginia,214.0,1974
15.0,CB_1973_54,7.0,West Virginia,210.0,1973
8.0,CB_1972_54,4.0,West Virginia,203.0,1972
6.0,CB_1971_54,0.0,West Virginia,199.0,1971
5.0,CB_1970_54,5.0,West Virginia,200.0,1970
5.0,CB_1969_54,0.0,West Virginia,195.0,1969
4.0,CB_1968_54,1.0,West Virginia,195.0,1968
0.0,CB_1967_54,4.0,West Virginia,194.0,1967
0.0,CB_1966_54,3.0,West Virginia,189.0,1966
0.0,CB_1965_54,,West Virginia,186.0,1965
0.0,CB_1964_54,,West Virginia,183.0,1964
0.0,CB_1963_54,,West Virginia,181.0,1963
0.0,CB_1962_54,,West Virginia,181.0,1962
0.0,CB_1961_54,,West Virginia,180.0,1961
0.0,CB_1960_54,,West Virginia,181.0,1960
0.0,CB_1959_54,,West Virginia,181.0,1959
0.0,CB_1958_54,,West Virginia,180.0,1958
0.0,CB_1957_54,,West Virginia,179.0,1957
0.0,CB_1956_54,,West Virginia,178.0,1956
0.0,CB_1955_54,,West Virginia,177.0,1955
0.0,CB_1954_54,,West Virginia,179.0,1954
0.0,CB_1953_54,,West Virginia,178.0,1953
0.0,CB_1952_54,,West Virginia,178.0,1952
0.0,CB_1951_54,,West Virginia,177.0,1951
0.0,CB_1950_54,,West Virginia,176.0,1950
0.0,CB_1949_54,,West Virginia,176.0,1949
0.0,CB_1948_54,,West Virginia,177.0,1948
0.0,CB_1947_54,,West Virginia,177.0,1947
0.0,CB_1946_54,,West Virginia,175.0,1946
1.0,CB_1945_54,,West Virginia,174.0,1945
0.0,CB_1944_54,,West Virginia,173.0,1944
0.0,CB_1943_54,,West Virginia,175.0,1943
0.0,CB_1942_54,,West Virginia,175.0,1942
0.0,CB_1941_54,,West Virginia,175.0,1941
1.0,CB_1940_54,,West Virginia,173.0,1940
1.0,CB_1939_54,,West Virginia,173.0,1939
1.0,CB_1938_54,,West Virginia,174.0,1938
1.0,CB_1937_54,,West Virginia,175.0,1937
2.0,CB_1936_54,,West Virginia,175.0,1936
2.0,CB_1935_54,,West Virginia,170.0,1935
0.0,CB_1934_54,,West Virginia,169.0,1934
